resource,start,end,operation
Res_753_LOAD,28,29,t1
Res_753_LOAD,0,1,t2
Res_753_LOAD,13,14,t3
Res_753_LOAD,5,6,t4
Res_753_LOAD,7,8,t5
Res_753_LOAD,18,19,t6
Res_753_LOAD,16,17,t7
Res_753_LOAD,6,7,t8
Res_753_LOAD,9,10,t9
Res_753_LOAD,10,11,t10
Res_753_LOAD,17,18,t11
Res_753_LOAD,8,9,t12
Res_753_LOAD,14,15,t13
Res_753_LOAD,3,4,t14
Res_753_LOAD,23,24,t15
Res_753_LOAD,20,21,t16
Res_840_MUL,43,46,t17
Res_840_MUL,11,14,t18
Res_840_MUL,18,21,t19
Res_840_MUL,24,27,t20
Res_840_MUL,21,24,t21
Res_840_MUL,28,31,t22
Res_840_MUL,37,40,t23
Res_840_MUL,31,34,t24
Res_903_ADD,46,47,t25
Res_903_ADD,28,29,t26
Res_903_ADD,31,32,t27
Res_903_ADD,40,41,t28
Res_903_ADD,47,48,t29
Res_903_ADD,41,42,t30
Res_903_ADD,49,50,t31
Res_753_LOAD,29,30,t32
Res_1012_LOAD,21,22,t33
Res_753_LOAD,4,5,t34
Res_753_LOAD,26,27,t35
Res_753_LOAD,24,25,t36
Res_753_LOAD,35,36,t37
Res_1013_LOAD,18,19,t38
Res_753_LOAD,21,22,t39
Res_753_LOAD,19,20,t40
Res_753_LOAD,33,34,t41
Res_753_LOAD,34,35,t42
Res_753_LOAD,27,28,t43
Res_753_LOAD,25,26,t44
Res_753_LOAD,38,39,t45
Res_753_LOAD,42,43,t46
Res_753_LOAD,43,44,t47
Res_840_MUL,34,37,t48
Res_840_MUL,56,59,t49
Res_840_MUL,40,43,t50
Res_840_MUL,59,62,t51
Res_840_MUL,77,80,t52
Res_840_MUL,49,52,t53
Res_840_MUL,46,49,t54
Res_840_MUL,62,65,t55
Res_903_ADD,59,60,t56
Res_903_ADD,62,63,t57
Res_903_ADD,80,81,t58
Res_903_ADD,65,66,t59
Res_903_ADD,63,64,t60
Res_903_ADD,81,82,t61
Res_903_ADD,82,83,t62
Res_753_LOAD,36,37,t63
Res_753_LOAD,40,41,t64
Res_753_LOAD,52,53,t65
Res_753_LOAD,37,38,t66
Res_753_LOAD,44,45,t67
Res_753_LOAD,39,40,t68
Res_753_LOAD,46,47,t69
Res_753_LOAD,49,50,t70
Res_1013_LOAD,47,48,t71
Res_753_LOAD,47,48,t72
Res_753_LOAD,41,42,t73
Res_753_LOAD,53,54,t74
Res_753_LOAD,54,55,t75
Res_753_LOAD,51,52,t76
Res_753_LOAD,48,49,t77
Res_753_LOAD,59,60,t78
Res_840_MUL,52,55,t79
Res_840_MUL,68,71,t80
Res_840_MUL,65,68,t81
Res_840_MUL,83,86,t82
Res_840_MUL,71,74,t83
Res_840_MUL,74,77,t84
Res_840_MUL,80,83,t85
Res_840_MUL,99,102,t86
Res_903_ADD,71,72,t87
Res_903_ADD,86,87,t88
Res_903_ADD,84,85,t89
Res_903_ADD,102,103,t90
Res_903_ADD,87,88,t91
Res_903_ADD,103,104,t92
Res_903_ADD,104,105,t93
Res_753_LOAD,55,56,t94
Res_753_LOAD,56,57,t95
Res_753_LOAD,57,58,t96
Res_753_LOAD,60,61,t97
Res_753_LOAD,64,65,t98
Res_753_LOAD,61,62,t99
Res_1013_LOAD,58,59,t100
Res_753_LOAD,65,66,t101
Res_753_LOAD,66,67,t102
Res_753_LOAD,62,63,t103
Res_773_LOAD,64,65,t104
Res_753_LOAD,63,64,t105
Res_753_LOAD,67,68,t106
Res_753_LOAD,72,73,t107
Res_753_LOAD,74,75,t108
Res_753_LOAD,70,71,t109
Res_840_MUL,102,105,t110
Res_840_MUL,90,93,t111
Res_840_MUL,108,111,t112
Res_840_MUL,123,126,t113
Res_840_MUL,105,108,t114
Res_840_MUL,87,90,t115
Res_840_MUL,96,99,t116
Res_840_MUL,117,120,t117
Res_903_ADD,105,106,t118
Res_903_ADD,126,127,t119
Res_903_ADD,108,109,t120
Res_1052_ADD,120,121,t121
Res_903_ADD,127,128,t122
Res_903_ADD,121,122,t123
Res_903_ADD,128,129,t124
Res_753_LOAD,71,72,t125
Res_773_LOAD,75,76,t126
Res_753_LOAD,69,70,t127
Res_753_LOAD,76,77,t128
Res_753_LOAD,73,74,t129
Res_753_LOAD,77,78,t130
Res_753_LOAD,78,79,t131
Res_753_LOAD,80,81,t132
Res_753_LOAD,81,82,t133
Res_753_LOAD,79,80,t134
Res_753_LOAD,75,76,t135
Res_773_LOAD,81,82,t136
Res_753_LOAD,82,83,t137
Res_1089_LOAD,84,85,t138
Res_753_LOAD,94,95,t139
Res_753_LOAD,87,88,t140
Res_840_MUL,120,123,t141
Res_840_MUL,129,132,t142
Res_840_MUL,111,114,t143
Res_840_MUL,153,156,t144
Res_840_MUL,93,96,t145
Res_840_MUL,135,138,t146
Res_840_MUL,150,153,t147
Res_840_MUL,132,135,t148
Res_903_ADD,132,133,t149
Res_903_ADD,156,157,t150
Res_903_ADD,138,139,t151
Res_903_ADD,153,154,t152
Res_903_ADD,157,158,t153
Res_1123_ADD,155,156,t154
Res_903_ADD,158,159,t155
Res_753_LOAD,88,89,t156
Res_753_LOAD,90,91,t157
Res_753_LOAD,85,86,t158
Res_753_LOAD,96,97,t159
Res_753_LOAD,91,92,t160
Res_753_LOAD,92,93,t161
Res_1012_LOAD,92,93,t162
Res_753_LOAD,86,87,t163
Res_753_LOAD,97,98,t164
Res_753_LOAD,93,94,t165
Res_1044_LOAD,99,100,t166
Res_753_LOAD,101,102,t167
Res_753_LOAD,98,99,t168
Res_753_LOAD,104,105,t169
Res_753_LOAD,109,110,t170
Res_753_LOAD,102,103,t171
Res_840_MUL,114,117,t172
Res_840_MUL,168,171,t173
Res_840_MUL,162,165,t174
Res_840_MUL,174,177,t175
Res_840_MUL,144,147,t176
Res_840_MUL,141,144,t177
Res_840_MUL,165,168,t178
Res_840_MUL,126,129,t179
Res_903_ADD,182,183,t180
Res_903_ADD,184,185,t181
Res_903_ADD,147,148,t182
Res_903_ADD,178,179,t183
Res_903_ADD,185,186,t184
Res_903_ADD,180,181,t185
Res_903_ADD,186,187,t186
Res_753_LOAD,100,101,t187
Res_753_LOAD,110,111,t188
Res_753_LOAD,112,113,t189
Res_753_LOAD,107,108,t190
Res_753_LOAD,105,106,t191
Res_753_LOAD,113,114,t192
Res_753_LOAD,121,122,t193
Res_753_LOAD,111,112,t194
Res_753_LOAD,117,118,t195
Res_753_LOAD,103,104,t196
Res_753_LOAD,120,121,t197
Res_753_LOAD,118,119,t198
Res_753_LOAD,116,117,t199
Res_753_LOAD,114,115,t200
Res_753_LOAD,115,116,t201
Res_1089_LOAD,117,118,t202
Res_840_MUL,180,183,t203
Res_840_MUL,171,174,t204
Res_840_MUL,147,150,t205
Res_840_MUL,193,196,t206
Res_840_MUL,138,141,t207
Res_840_MUL,183,186,t208
Res_840_MUL,190,193,t209
Res_840_MUL,159,162,t210
Res_903_ADD,190,191,t211
Res_903_ADD,197,198,t212
Res_903_ADD,192,193,t213
Res_903_ADD,194,195,t214
Res_903_ADD,198,199,t215
Res_903_ADD,195,196,t216
Res_903_ADD,199,200,t217
Res_753_LOAD,122,123,t218
Res_753_LOAD,123,124,t219
Res_753_LOAD,129,130,t220
Res_753_LOAD,127,128,t221
Res_753_LOAD,134,135,t222
Res_753_LOAD,128,129,t223
Res_753_LOAD,132,133,t224
Res_753_LOAD,126,127,t225
Res_753_LOAD,130,131,t226
Res_1056_LOAD,138,139,t227
Res_753_LOAD,133,134,t228
Res_753_LOAD,125,126,t229
Res_753_LOAD,135,136,t230
Res_753_LOAD,139,140,t231
Res_1056_LOAD,131,132,t232
Res_753_LOAD,140,141,t233
Res_840_MUL,196,199,t234
Res_840_MUL,187,190,t235
Res_840_MUL,199,202,t236
Res_840_MUL,156,159,t237
Res_840_MUL,202,205,t238
Res_840_MUL,177,180,t239
Res_840_MUL,205,208,t240
Res_840_MUL,208,211,t241
Res_903_ADD,200,201,t242
Res_903_ADD,204,205,t243
Res_903_ADD,206,207,t244
Res_903_ADD,211,212,t245
Res_1081_ADD,205,206,t246
Res_903_ADD,212,213,t247
Res_903_ADD,213,214,t248
Res_903_ADD,83,84,t249
Res_903_ADD,129,130,t250
Res_903_ADD,188,189,t251
Res_903_ADD,214,215,t252
Res_903_ADD,130,131,t253
Res_903_ADD,215,216,t254
Res_903_ADD,217,218,t255
Res_753_LOAD,137,138,t256
Res_753_LOAD,145,146,t257
Res_753_LOAD,146,147,t258
Res_753_LOAD,142,143,t259
Res_753_LOAD,143,144,t260
Res_773_LOAD,140,141,t261
Res_753_LOAD,141,142,t262
Res_753_LOAD,144,145,t263
Res_753_LOAD,149,150,t264
Res_753_LOAD,147,148,t265
Res_753_LOAD,151,152,t266
Res_753_LOAD,148,149,t267
Res_753_LOAD,150,151,t268
Res_753_LOAD,152,153,t269
Res_753_LOAD,155,156,t270
Res_753_LOAD,136,137,t271
Res_753_LOAD,156,157,t272
Res_753_LOAD,157,158,t273
Res_753_LOAD,153,154,t274
Res_753_LOAD,162,163,t275
Res_753_LOAD,158,159,t276
Res_753_LOAD,159,160,t277
Res_753_LOAD,154,155,t278
Res_753_LOAD,164,165,t279
Res_753_LOAD,160,161,t280
Res_753_LOAD,163,164,t281
Res_753_LOAD,165,166,t282
Res_753_LOAD,168,169,t283
Res_753_LOAD,167,168,t284
Res_753_LOAD,169,170,t285
Res_1082_LOAD,171,172,t286
Res_1089_LOAD,172,173,t287
Res_753_LOAD,170,171,t288
Res_753_LOAD,161,162,t289
Res_753_LOAD,171,172,t290
Res_753_LOAD,175,176,t291
Res_753_LOAD,178,179,t292
Res_753_LOAD,173,174,t293
Res_753_LOAD,176,177,t294
Res_773_LOAD,162,163,t295
Res_753_LOAD,179,180,t296
Res_753_LOAD,174,175,t297
Res_753_LOAD,181,182,t298
Res_753_LOAD,182,183,t299
Res_753_LOAD,185,186,t300
Res_773_LOAD,169,170,t301
Res_753_LOAD,186,187,t302
Res_753_LOAD,188,189,t303
Res_1082_LOAD,179,180,t304
Res_753_LOAD,187,188,t305
Res_753_LOAD,180,181,t306
Res_753_LOAD,183,184,t307
Res_753_LOAD,189,190,t308
Res_753_LOAD,190,191,t309
Res_753_LOAD,184,185,t310
Res_753_LOAD,191,192,t311
Res_753_LOAD,192,193,t312
Res_753_LOAD,193,194,t313
Res_753_LOAD,195,196,t314
Res_1095_LOAD,193,194,t315
Res_1095_LOAD,196,197,t316
Res_753_LOAD,194,195,t317
Res_753_LOAD,197,198,t318
Res_1013_LOAD,191,192,t319
Res_770_SUB,171,172,t320
Res_770_SUB,162,163,t321
Res_770_SUB,172,173,t322
Res_770_SUB,176,177,t323
Res_770_SUB,179,180,t324
Res_770_SUB,180,181,t325
Res_770_SUB,177,178,t326
Res_770_SUB,182,183,t327
Res_770_SUB,183,184,t328
Res_770_SUB,185,186,t329
Res_770_SUB,184,185,t330
Res_770_SUB,186,187,t331
Res_770_SUB,188,189,t332
Res_770_SUB,190,191,t333
Res_770_SUB,189,190,t334
Res_770_SUB,192,193,t335
Res_770_SUB,194,195,t336
Res_770_SUB,193,194,t337
Res_770_SUB,187,188,t338
Res_770_SUB,191,192,t339
Res_770_SUB,195,196,t340
Res_770_SUB,196,197,t341
Res_770_SUB,197,198,t342
Res_770_SUB,198,199,t343
Res_770_SUB,199,200,t344
Res_770_SUB,203,204,t345
Res_770_SUB,204,205,t346
Res_770_SUB,200,201,t347
Res_770_SUB,201,202,t348
Res_770_SUB,205,206,t349
Res_770_SUB,202,203,t350
Res_770_SUB,206,207,t351
Res_903_ADD,172,173,t352
Res_903_ADD,177,178,t353
Res_903_ADD,181,182,t354
Res_903_ADD,183,184,t355
Res_903_ADD,187,188,t356
Res_903_ADD,196,197,t357
Res_903_ADD,193,194,t358
Res_903_ADD,202,203,t359
Res_903_ADD,203,204,t360
Res_903_ADD,221,222,t361
Res_903_ADD,207,208,t362
Res_903_ADD,205,206,t363
Res_903_ADD,224,225,t364
Res_903_ADD,226,227,t365
Res_903_ADD,216,217,t366
Res_903_ADD,218,219,t367
Res_903_ADD,179,180,t368
Res_903_ADD,189,190,t369
Res_903_ADD,201,202,t370
Res_903_ADD,210,211,t371
Res_903_ADD,223,224,t372
Res_903_ADD,219,220,t373
Res_903_ADD,227,228,t374
Res_903_ADD,228,229,t375
Res_903_ADD,191,192,t376
Res_903_ADD,222,223,t377
Res_903_ADD,229,230,t378
Res_903_ADD,230,231,t379
Res_903_ADD,225,226,t380
Res_903_ADD,231,232,t381
Res_903_ADD,232,233,t382
Res_753_LOAD,199,200,t383
Res_753_LOAD,204,205,t384
Res_1089_LOAD,199,200,t385
Res_753_LOAD,208,209,t386
Res_753_LOAD,205,206,t387
Res_753_LOAD,203,204,t388
Res_753_LOAD,198,199,t389
Res_753_LOAD,207,208,t390
Res_753_LOAD,206,207,t391
Res_753_LOAD,202,203,t392
Res_753_LOAD,209,210,t393
Res_753_LOAD,201,202,t394
Res_1044_LOAD,210,211,t395
Res_753_LOAD,212,213,t396
Res_753_LOAD,218,219,t397
Res_753_LOAD,219,220,t398
Res_753_LOAD,213,214,t399
Res_753_LOAD,214,215,t400
Res_753_LOAD,211,212,t401
Res_753_LOAD,221,222,t402
Res_753_LOAD,222,223,t403
Res_753_LOAD,215,216,t404
Res_753_LOAD,224,225,t405
Res_753_LOAD,226,227,t406
Res_753_LOAD,216,217,t407
Res_753_LOAD,230,231,t408
Res_753_LOAD,217,218,t409
Res_753_LOAD,231,232,t410
Res_753_LOAD,225,226,t411
Res_753_LOAD,235,236,t412
Res_753_LOAD,232,233,t413
Res_753_LOAD,227,228,t414
Res_753_LOAD,220,221,t415
Res_753_LOAD,228,229,t416
Res_753_LOAD,234,235,t417
Res_753_LOAD,223,224,t418
Res_753_LOAD,241,242,t419
Res_753_LOAD,239,240,t420
Res_1013_LOAD,228,229,t421
Res_753_LOAD,237,238,t422
Res_753_LOAD,240,241,t423
Res_773_LOAD,227,228,t424
Res_753_LOAD,238,239,t425
Res_753_LOAD,236,237,t426
Res_753_LOAD,245,246,t427
Res_773_LOAD,238,239,t428
Res_753_LOAD,233,234,t429
Res_753_LOAD,243,244,t430
Res_753_LOAD,244,245,t431
Res_753_LOAD,249,250,t432
Res_773_LOAD,242,243,t433
Res_753_LOAD,251,252,t434
Res_753_LOAD,246,247,t435
Res_753_LOAD,242,243,t436
Res_1056_LOAD,255,256,t437
Res_753_LOAD,254,255,t438
Res_773_LOAD,235,236,t439
Res_753_LOAD,247,248,t440
Res_753_LOAD,258,259,t441
Res_753_LOAD,255,256,t442
Res_753_LOAD,256,257,t443
Res_753_LOAD,252,253,t444
Res_753_LOAD,248,249,t445
Res_753_LOAD,250,251,t446
Res_597_DIV,221,225,t447
Res_597_DIV,229,233,t448
Res_597_DIV,235,239,t449
Res_597_DIV,225,229,t450
Res_597_DIV,275,279,t451
Res_597_DIV,243,247,t452
Res_597_DIV,279,283,t453
Res_597_DIV,239,243,t454
Res_597_DIV,291,295,t455
Res_597_DIV,251,255,t456
Res_597_DIV,307,311,t457
Res_597_DIV,271,275,t458
Res_597_DIV,247,251,t459
Res_597_DIV,259,263,t460
Res_597_DIV,299,303,t461
Res_597_DIV,267,271,t462
Res_597_DIV,323,327,t463
Res_597_DIV,303,307,t464
Res_597_DIV,327,331,t465
Res_597_DIV,255,259,t466
Res_597_DIV,319,323,t467
Res_597_DIV,311,315,t468
Res_597_DIV,331,335,t469
Res_597_DIV,283,287,t470
Res_597_DIV,335,339,t471
Res_597_DIV,315,319,t472
Res_597_DIV,339,343,t473
Res_597_DIV,263,267,t474
Res_597_DIV,343,347,t475
Res_597_DIV,287,291,t476
Res_597_DIV,347,351,t477
Res_597_DIV,295,299,t478
Res_903_ADD,234,235,t479
Res_903_ADD,239,240,t480
Res_903_ADD,279,280,t481
Res_903_ADD,284,285,t482
Res_903_ADD,295,296,t483
Res_903_ADD,311,312,t484
Res_903_ADD,263,264,t485
Res_903_ADD,303,304,t486
Res_903_ADD,327,328,t487
Res_903_ADD,331,332,t488
Res_903_ADD,323,324,t489
Res_1123_ADD,335,336,t490
Res_903_ADD,339,340,t491
Res_903_ADD,343,344,t492
Res_903_ADD,348,349,t493
Res_903_ADD,351,352,t494
Res_903_ADD,240,241,t495
Res_903_ADD,285,286,t496
Res_903_ADD,312,313,t497
Res_903_ADD,304,305,t498
Res_903_ADD,332,333,t499
Res_903_ADD,336,337,t500
Res_903_ADD,344,345,t501
Res_903_ADD,352,353,t502
Res_903_ADD,286,287,t503
Res_903_ADD,313,314,t504
Res_903_ADD,337,338,t505
Res_903_ADD,353,354,t506
Res_903_ADD,314,315,t507
Res_903_ADD,354,355,t508
Res_903_ADD,355,356,t509
Res_903_ADD,233,234,t510
Res_903_ADD,356,357,t511
Res_753_LOAD,253,254,t512
Res_753_LOAD,257,258,t513
Res_770_SUB,258,259,t514
Res_597_DIV,357,361,t515
Res_659_STORE,361,362,op_515
